{
  "inside": [
    [0.7295200749361322, 0.7286337326606256],
    [0.826505923560258, 0.9403158114766519],
    [0.6023139955320228, 0.4890999051968531],
    [0.7924301535257385, 0.9724603339895345],
    [0.3739062132424882, 0.3807945141554343],
    [0.5213825315815278, 0.7011647516840395],
    [0.5799489554848042, 0.860210492806848],
    [0.4472712889659769, 0.23208680582951224],
    [0.8266928088733442, 0.9708616047497776],
    [0.2096090384196102, 0.07948946448504302],
    [0.33832612728389067, 0.4113630733104253],
    [0.68383264433507, 0.9003136248995234],
    [0.3974079484193441, 0.44643242592599985],
    [0.26193673674112883, 0.20727182114712916]
  ],
  "outside": [
    [0.846590438950232, 0.12680486596335516],
    [0.11671041192819076, 0.8523469688748586],
    [0.8939436660435063, 0.20441969005621619],
    [0.196515524259539, 0.7563403480339516],
    [0.762462325724514, 0.17675381094088127],
    [0.8646206065391742, 0.4289513713302239],
    [0.7086382515784717, 0.1718070095596751],
    [0.07308462517167347, 0.7068687883532849],
    [0.7429722924973284, 0.19681071128913086],
    [0.685062552324161, 0.011556200983953824],
    [0.05599840395566957, 0.5147182562252324],
    [0.9645548277207796, 0.4500437929854587],
    [0.25076267013066156, 0.8845898320940508],
    [0.12851981469617013, 0.7983431014344502],
    [0.01817344753341743, 0.845385785214988]
  ]
}
